{"playback_info": {"start_time": 1593057468.7398098, "end_time": null, "initial_buffering_duration": 0.008948087692260742, "interruptions": {"count": 0, "events": [], "total_duration": 0}, "up_shifts": 13, "down_shifts": 0}, "playback_type": "basic", "video_metadata": {"mpd_file": "BigBuckBunny_4s.mpd", "playback_duration": 596.46, "available_bitrates": [45226, 88783, 128503, 177437, 217761, 255865, 323047, 378355, 509091, 577751, 782553, 1008699, 1207152, 1473801, 2087347, 2409742, 2944291, 3340509, 3613836, 3936261]}, "segment_info": [["BigBuckBunny_4s_init.mp4", 45226, 877, 0.004128552000111085], ["BigBuckBunny_4s1.m4s", 88783.0, 43062, 0.0010654830002749804], ["BigBuckBunny_4s2.m4s", 128503.0, 69162, 0.0009355480015074136], ["BigBuckBunny_4s3.m4s", 177437.0, 99254, 0.0008688779998919927], ["BigBuckBunny_4s4.m4s", 217761.0, 118638, 0.0011105209996458143], ["BigBuckBunny_4s5.m4s", 255865.0, 110936, 0.0009284099996875739], ["BigBuckBunny_4s6.m4s", 323047.0, 105488, 0.0010726599994086428], ["BigBuckBunny_4s7.m4s", 378355.0, 241936, 0.024366821999137755], ["BigBuckBunny_4s8.m4s", 509091.0, 288784, 0.0016659699995216215], ["BigBuckBunny_4s9.m4s", 577751.0, 311430, 0.026362316000813735], ["BigBuckBunny_4s10.m4s", 782553.0, 425152, 0.027826860999994096], ["BigBuckBunny_4s11.m4s", 1008699.0, 580463, 0.0424471469996206], ["BigBuckBunny_4s12.m4s", 1207152.0, 733302, 0.03367727600016224], ["BigBuckBunny_4s13.m4s", 1473801.0, 965248, 0.03243532200031041]]}