{"playback_info": {"start_time": 1593058159.2225718, "end_time": null, "initial_buffering_duration": 0.007164716720581055, "interruptions": {"count": 0, "events": [], "total_duration": 0}, "up_shifts": 12, "down_shifts": 0}, "playback_type": "basic", "video_metadata": {"mpd_file": "BigBuckBunny_4s.mpd", "playback_duration": 596.46, "available_bitrates": [45226, 88783, 128503, 177437, 217761, 255865, 323047, 378355, 509091, 577751, 782553, 1008699, 1207152, 1473801, 2087347, 2409742, 2944291, 3340509, 3613836, 3936261]}, "segment_info": [["BigBuckBunny_4s_init.mp4", 45226, 877, 0.002267619001941057], ["BigBuckBunny_4s1.m4s", 88783.0, 43062, 0.02982103500107769], ["BigBuckBunny_4s2.m4s", 128503.0, 69162, 0.0025655509998614434], ["BigBuckBunny_4s3.m4s", 177437.0, 99254, 0.04762935499820742], ["BigBuckBunny_4s4.m4s", 217761.0, 118638, 0.00228134699864313], ["BigBuckBunny_4s5.m4s", 255865.0, 110936, 0.0011940309996134602], ["BigBuckBunny_4s6.m4s", 323047.0, 105488, 0.0009543619999021757], ["BigBuckBunny_4s7.m4s", 378355.0, 241936, 0.0016455940021842252], ["BigBuckBunny_4s8.m4s", 509091.0, 288784, 0.03668284399827826], ["BigBuckBunny_4s9.m4s", 577751.0, 311430, 0.03241465999963111], ["BigBuckBunny_4s10.m4s", 782553.0, 425152, 0.03427996699974756], ["BigBuckBunny_4s11.m4s", 1008699.0, 580463, 0.053167163001489826], ["BigBuckBunny_4s12.m4s", 1207152.0, 733302, 0.04011826300120447]]}