{"playback_type": "basic", "segment_info": [["BigBuckBunny_4s_init.mp4", 45226, 877, 0.0037009716033935547], ["BigBuckBunny_4s1.m4s", 88783.0, 43062, 0.001986980438232422], ["BigBuckBunny_4s2.m4s", 128503.0, 69162, 0.007322072982788086], ["BigBuckBunny_4s3.m4s", 177437.0, 99254, 0.0009799003601074219], ["BigBuckBunny_4s4.m4s", 217761.0, 118638, 0.014906883239746094], ["BigBuckBunny_4s5.m4s", 255865.0, 110936, 0.0025610923767089844], ["BigBuckBunny_4s6.m4s", 323047.0, 105488, 0.02333998680114746], ["BigBuckBunny_4s7.m4s", 378355.0, 241936, 0.026803970336914062], ["BigBuckBunny_4s8.m4s", 509091.0, 288784, 0.0016779899597167969], ["BigBuckBunny_4s9.m4s", 577751.0, 311430, 0.0018029212951660156], ["BigBuckBunny_4s10.m4s", 782553.0, 425152, 0.01882481575012207], ["BigBuckBunny_4s11.m4s", 1008699.0, 580463, 0.011140108108520508]], "playback_info": {"start_time": 1593051674.374711, "down_shifts": 0, "end_time": null, "initial_buffering_duration": 0.009890079498291016, "interruptions": {"count": 0, "events": [], "total_duration": 0}, "up_shifts": 11}, "video_metadata": {"playback_duration": 596.46, "available_bitrates": [45226, 88783, 128503, 177437, 217761, 255865, 323047, 378355, 509091, 577751, 782553, 1008699, 1207152, 1473801, 2087347, 2409742, 2944291, 3340509, 3613836, 3936261], "mpd_file": "BigBuckBunny_4s.mpd"}}