{"playback_info": {"start_time": 1593058261.1767423, "end_time": null, "initial_buffering_duration": 0.012489557266235352, "interruptions": {"count": 0, "events": [], "total_duration": 0}, "up_shifts": 19, "down_shifts": 0}, "playback_type": "basic", "video_metadata": {"mpd_file": "BigBuckBunny_4s.mpd", "playback_duration": 596.46, "available_bitrates": [45226, 88783, 128503, 177437, 217761, 255865, 323047, 378355, 509091, 577751, 782553, 1008699, 1207152, 1473801, 2087347, 2409742, 2944291, 3340509, 3613836, 3936261]}, "segment_info": [["BigBuckBunny_4s_init.mp4", 45226, 877, 0.0011249119997955859], ["BigBuckBunny_4s1.m4s", 88783.0, 43062, 0.04046807099803118], ["BigBuckBunny_4s2.m4s", 128503.0, 69162, 0.0010006279990193434], ["BigBuckBunny_4s3.m4s", 177437.0, 99254, 0.03554971600169665], ["BigBuckBunny_4s4.m4s", 217761.0, 118638, 0.0011658090006676503], ["BigBuckBunny_4s5.m4s", 255865.0, 110936, 0.0011003330000676215], ["BigBuckBunny_4s6.m4s", 323047.0, 105488, 0.0008764060003159102], ["BigBuckBunny_4s7.m4s", 378355.0, 241936, 0.002117765998264076], ["BigBuckBunny_4s8.m4s", 509091.0, 288784, 0.02200060499671963], ["BigBuckBunny_4s9.m4s", 577751.0, 311430, 0.048377697999967495], ["BigBuckBunny_4s10.m4s", 782553.0, 425152, 0.04116090499883285], ["BigBuckBunny_4s11.m4s", 1008699.0, 580463, 0.025868384997011162], ["BigBuckBunny_4s12.m4s", 1207152.0, 733302, 0.02348922500095796], ["BigBuckBunny_4s13.m4s", 1473801.0, 965248, 0.032625267002003966], ["BigBuckBunny_4s14.m4s", 2087347.0, 1265147, 0.04072312100106501], ["BigBuckBunny_4s15.m4s", 2409742.0, 635623, 0.02313415999742574], ["BigBuckBunny_4s16.m4s", 2944291.0, 1117256, 0.03312316400115378], ["BigBuckBunny_4s17.m4s", 3340509.0, 1673157, 0.045099584000126924], ["BigBuckBunny_4s18.m4s", 3613836.0, 1318663, 0.03232331099934527], ["BigBuckBunny_4s19.m4s", 3936261.0, 1926863, 0.03738603400051943], ["BigBuckBunny_4s20.m4s", 3936261.0, 4139165, 0.06175335799707682], ["BigBuckBunny_4s21.m4s", 3936261.0, 1619681, 0.03643277499941178], ["BigBuckBunny_4s22.m4s", 3936261.0, 650867, 0.0318126169986499], ["BigBuckBunny_4s23.m4s", 3936261.0, 1160655, 0.03272381499846233], ["BigBuckBunny_4s24.m4s", 3936261.0, 572511, 0.0093588859999727], ["BigBuckBunny_4s25.m4s", 3936261.0, 870310, 0.03326495800138218], ["BigBuckBunny_4s26.m4s", 3936261.0, 1262434, 0.03358134199879714], ["BigBuckBunny_4s27.m4s", 3936261.0, 963281, 0.03439741400143248], ["BigBuckBunny_4s28.m4s", 3936261.0, 872918, 0.02590789999885601], ["BigBuckBunny_4s29.m4s", 3936261.0, 1630472, 0.053704681999079185], ["BigBuckBunny_4s30.m4s", 3936261.0, 2850980, 0.07379016300183139], ["BigBuckBunny_4s31.m4s", 3936261.0, 1965084, 0.07188714899893967], ["BigBuckBunny_4s32.m4s", 3936261.0, 1476963, 0.03736937400026363], ["BigBuckBunny_4s33.m4s", 3936261.0, 1407506, 0.03598262000014074], ["BigBuckBunny_4s34.m4s", 3936261.0, 1679963, 0.03809540699876379], ["BigBuckBunny_4s35.m4s", 3936261.0, 1727194, 0.03882687400255236], ["BigBuckBunny_4s36.m4s", 3936261.0, 1877015, 0.03873927700260538], ["BigBuckBunny_4s37.m4s", 3936261.0, 1584904, 0.036760232997039566], ["BigBuckBunny_4s38.m4s", 3936261.0, 1477670, 0.035179765000066254], ["BigBuckBunny_4s39.m4s", 3936261.0, 1662175, 0.03696404099900974], ["BigBuckBunny_4s40.m4s", 3936261.0, 771265, 0.03297561100043822], ["BigBuckBunny_4s41.m4s", 3936261.0, 1779772, 0.03865384299933794], ["BigBuckBunny_4s42.m4s", 3936261.0, 1228528, 0.03495032399951015], ["BigBuckBunny_4s43.m4s", 3936261.0, 1126162, 0.038203321000764845], ["BigBuckBunny_4s44.m4s", 3936261.0, 889868, 0.06904053100151941], ["BigBuckBunny_4s45.m4s", 3936261.0, 1765637, 0.039237412998772925], ["BigBuckBunny_4s46.m4s", 3936261.0, 2135433, 0.06267950400069822], ["BigBuckBunny_4s47.m4s", 3936261.0, 2205634, 0.06258893999984139], ["BigBuckBunny_4s48.m4s", 3936261.0, 1028493, 0.03325854899958358], ["BigBuckBunny_4s49.m4s", 3936261.0, 2478806, 0.06375306400150293], ["BigBuckBunny_4s50.m4s", 3936261.0, 1392566, 0.042514781998761464], ["BigBuckBunny_4s51.m4s", 3936261.0, 1181231, 0.041563795999536524], ["BigBuckBunny_4s52.m4s", 3936261.0, 1191607, 0.03679419800027972], ["BigBuckBunny_4s53.m4s", 3936261.0, 2182630, 0.06332136899800389], ["BigBuckBunny_4s54.m4s", 3936261.0, 2146820, 0.062298539000039455], ["BigBuckBunny_4s55.m4s", 3936261.0, 1358854, 0.035430907002591994], ["BigBuckBunny_4s56.m4s", 3936261.0, 904852, 0.030943087997002294], ["BigBuckBunny_4s57.m4s", 3936261.0, 2531784, 0.05584430399903795], ["BigBuckBunny_4s58.m4s", 3936261.0, 1333306, 0.05029647700212081], ["BigBuckBunny_4s59.m4s", 3936261.0, 1317299, 0.04732605299795978], ["BigBuckBunny_4s60.m4s", 3936261.0, 969812, 0.05652818100134027], ["BigBuckBunny_4s61.m4s", 3936261.0, 2444550, 0.07026870000117924], ["BigBuckBunny_4s62.m4s", 3936261.0, 2487801, 0.06489658799910103], ["BigBuckBunny_4s63.m4s", 3936261.0, 1618694, 0.049068075997638516], ["BigBuckBunny_4s64.m4s", 3936261.0, 1641969, 0.038238642999203876], ["BigBuckBunny_4s65.m4s", 3936261.0, 1866378, 0.06362658599755378], ["BigBuckBunny_4s66.m4s", 3936261.0, 1648710, 0.038080688998888945], ["BigBuckBunny_4s67.m4s", 3936261.0, 1464573, 0.038166247999470215], ["BigBuckBunny_4s68.m4s", 3936261.0, 2571868, 0.06302869199862471], ["BigBuckBunny_4s69.m4s", 3936261.0, 2779961, 0.06359215200063772], ["BigBuckBunny_4s70.m4s", 3936261.0, 2069221, 0.06455488299980061], ["BigBuckBunny_4s71.m4s", 3936261.0, 2313900, 0.06454733200007468], ["BigBuckBunny_4s72.m4s", 3936261.0, 1423102, 0.061384770000586286], ["BigBuckBunny_4s73.m4s", 3936261.0, 998236, 0.03632388499681838], ["BigBuckBunny_4s74.m4s", 3936261.0, 2015158, 0.04296059500120464], ["BigBuckBunny_4s75.m4s", 3936261.0, 1530464, 0.034164009000960505], ["BigBuckBunny_4s76.m4s", 3936261.0, 3010399, 0.06291081300150836], ["BigBuckBunny_4s77.m4s", 3936261.0, 2424027, 0.06333040500248899], ["BigBuckBunny_4s78.m4s", 3936261.0, 1855541, 0.038023662000341574], ["BigBuckBunny_4s79.m4s", 3936261.0, 2719701, 0.06325497799844015], ["BigBuckBunny_4s80.m4s", 3936261.0, 2158517, 0.040227328001492424], ["BigBuckBunny_4s81.m4s", 3936261.0, 2113082, 0.040263004000735236], ["BigBuckBunny_4s82.m4s", 3936261.0, 2402861, 0.06724420599857694], ["BigBuckBunny_4s83.m4s", 3936261.0, 1958415, 0.03921804899800918], ["BigBuckBunny_4s84.m4s", 3936261.0, 1568346, 0.045802151998941554], ["BigBuckBunny_4s85.m4s", 3936261.0, 1094054, 0.034175704000517726], ["BigBuckBunny_4s86.m4s", 3936261.0, 2310130, 0.06426572000054875], ["BigBuckBunny_4s87.m4s", 3936261.0, 3765080, 0.07692232500266982], ["BigBuckBunny_4s88.m4s", 3936261.0, 3860288, 0.1040536250002333], ["BigBuckBunny_4s89.m4s", 3936261.0, 3135697, 0.07253816799857304], ["BigBuckBunny_4s90.m4s", 3936261.0, 3519705, 0.07504339500155766], ["BigBuckBunny_4s91.m4s", 3936261.0, 2917959, 0.0635860340007639], ["BigBuckBunny_4s92.m4s", 3936261.0, 4031080, 0.05875836399718537], ["BigBuckBunny_4s93.m4s", 3936261.0, 2913249, 0.08532272899901727], ["BigBuckBunny_4s94.m4s", 3936261.0, 1721685, 0.0518141549982829], ["BigBuckBunny_4s95.m4s", 3936261.0, 1652611, 0.03778901699843118], ["BigBuckBunny_4s96.m4s", 3936261.0, 1215608, 0.049212417001399444], ["BigBuckBunny_4s97.m4s", 3936261.0, 656448, 0.07364002499889466], ["BigBuckBunny_4s98.m4s", 3936261.0, 1027977, 0.032634474999213126], ["BigBuckBunny_4s99.m4s", 3936261.0, 1187169, 0.030319304001750425], ["BigBuckBunny_4s100.m4s", 3936261.0, 1344705, 0.05012498299765866], ["BigBuckBunny_4s101.m4s", 3936261.0, 870031, 0.052776628002902726], ["BigBuckBunny_4s102.m4s", 3936261.0, 1276321, 0.06453174699709052], ["BigBuckBunny_4s103.m4s", 3936261.0, 1711822, 0.04034611499810126], ["BigBuckBunny_4s104.m4s", 3936261.0, 1623951, 0.05233580500134849], ["BigBuckBunny_4s105.m4s", 3936261.0, 1166908, 0.039714429000014206], ["BigBuckBunny_4s106.m4s", 3936261.0, 3905761, 0.05833540899766376], ["BigBuckBunny_4s107.m4s", 3936261.0, 2703116, 0.05224089799958165], ["BigBuckBunny_4s108.m4s", 3936261.0, 2261392, 0.06042178699863143], ["BigBuckBunny_4s109.m4s", 3936261.0, 3187710, 